{"cameraMode":{"drawMode":0,"name":"Shaded","section":"Shading Mode"},"sceneLighting":true,"audioPlay":false,"sceneViewState":{"m_AlwaysRefresh":false,"showFog":true,"showSkybox":true,"showFlares":true,"showImageEffects":true,"showParticleSystems":true,"showVisualEffectGraphs":true,"m_FxEnabled":true},"in2DMode":false,"pivot":{"x":283.30328369140627,"y":257.8133850097656,"z":86.32891845703125},"rotation":{"x":0.031761057674884799,"y":0.052445825189352038,"z":-0.0016701646381989122,"w":0.998120129108429},"size":364.61920166015627,"orthographic":false}